Dry Cough,High Fever,Sore Throat,Difficulty in breathing,Infected with Covid19
0,2,3,0,No
15,15,20,16,Yes
4,5,0,0,No
4,7,9,10,No
0,0,1,0,No
6,0,6,0,No
16,17,18,16,Yes
17,17,0,0,Yes
0,18,0,18,Yes
16,15,18,20,Yes
0,8,0,0,No
7,8,10,0,No
8,0,6,10,No
15,17,0,18,Yes
2,5,0,0,No
5,0,1,0,No
0,18,17,13,Yes
17,18,0,8,Yes
0,15,0,16,Yes
7,18,12,17,Yes
0,3,8,0,No
20,16,0,0,Yes
16,0,0,19,Yes
0,0,1,0,No
17,0,0,0,No
0,10,16,18,Yes
6,8,0,0,No
14,16,17,0,Yes
15,0,0,0,No
20,0,18,0,Yes
0,20,19,0,Yes
8,8,0,1,No
10,8,2,0,No
12,0,18,0,No
17,19,20,0,Yes
12,0,0,3,No
20,16,0,2,Yes
16,4,0,17,Yes
1,0,2,0,No
14,20,16,0,Yes
0,8,0,0,No
19,0,20,6,Yes
18,0,15,2,Yes
0,10,0,0,No
20,20,20,20,Yes
0,5,5,5,No
6,0,6,0,No
19,0,19,19,Yes
